{"m": 0.853240728461448, "b": 0.5832083718483426}