{"m": 1.056735857960637, "b": -0.07156784390650515}